campaign_id,clicked,ignored,opened,reported,sent,open_rate,click_rate,report_rate,false_positive_rate,phishrisk_index,campaign_size
campaign-202509,207,436,1078,81,1580,0.6822784810126582,0.19202226345083487,0.391304347826087,0.6022099447513812,0.10561224489795919,1580
campaign-202510,2534,4693,12275,1142,17191,0.7140364144028852,0.20643584521384928,0.4506708760852407,0.5607599474250209,0.11353971486761712,17191
campaign-202511,947,1680,4506,405,6229,0.7233905923904318,0.2101642254771416,0.4276663146779303,0.554089709762533,0.11559032401242789,6229
