campaign_id,clicked,ignored,opened,reported,sent,open_rate,click_rate,report_rate,false_positive_rate,phishrisk_index,campaign_size
campaign-202509,207,436,1076,81,1580,0.6810126582278481,0.19237918215613384,0.391304347826087,0.6022099447513812,0.10580855018587362,1580
campaign-202510,2533,4693,12278,1142,17191,0.7142109243208655,0.2063039582993973,0.45084879589419663,0.5608269598470363,0.11346717706466852,17191
campaign-202511,947,1679,4506,405,6229,0.7233905923904318,0.2101642254771416,0.4276663146779303,0.5539425932035632,0.11559032401242789,6229
