department,clicked,ignored,opened,reported,sent,open_rate,click_rate,report_rate,false_positive_rate,phishrisk_index,campaign_size
Finance,850,1514,3927,471,5547,0.7079502433747972,0.21645021645021645,0.5541176470588235,0.5340388007054674,0.11904761904761905,5547
IT,993,1199,3263,190,4495,0.7259176863181313,0.30432117683113696,0.19133937562940584,0.5033585222502099,0.21627392822389271,4495
Operations,769,1596,3188,263,4840,0.6586776859504132,0.24121706398996237,0.3420026007802341,0.6073059360730594,0.13266938519447932,4840
People,360,539,2431,313,3020,0.8049668874172186,0.14808720691073632,0.8694444444444445,0.44471947194719474,0.08144796380090498,3020
Sales,468,1532,2415,228,4024,0.6001491053677932,0.1937888198757764,0.48717948717948717,0.6876122082585279,0.10658385093167702,4024
Security,248,429,2635,163,3074,0.8571893298633702,0.09411764705882353,0.657258064516129,0.5107142857142857,0.05176470588235294,3074
