department,clicked,ignored,opened,reported,sent,open_rate,click_rate,report_rate,false_positive_rate,phishrisk_index,campaign_size
Finance,850,1514,3927,471,5547,0.7079502433747972,0.21645021645021645,0.5541176470588235,0.5340388007054674,0.11904761904761905,5547
IT,992,1198,3263,190,4494,0.7260792167334224,0.3040147103892124,0.19153225806451613,0.5033613445378151,0.21601857458503457,4494
Operations,769,1596,3188,263,4840,0.6586776859504132,0.24121706398996237,0.3420026007802341,0.6073059360730594,0.13266938519447932,4840
People,360,539,2431,313,3020,0.8049668874172186,0.14808720691073632,0.8694444444444445,0.44471947194719474,0.08144796380090498,3020
Sales,468,1532,2415,228,4024,0.6001491053677932,0.1937888198757764,0.48717948717948717,0.6876122082585279,0.10658385093167702,4024
Security,248,429,2636,163,3075,0.8572357723577235,0.09408194233687406,0.657258064516129,0.5107142857142857,0.051745068285280735,3075
