region,clicked,ignored,opened,reported,sent,open_rate,click_rate,report_rate,false_positive_rate,phishrisk_index,campaign_size
APAC,992,1198,3263,190,4494,0.7260792167334224,0.3040147103892124,0.19153225806451613,0.5033613445378151,0.21601857458503457,4494
EMEA,1017,2025,5824,426,7915,0.7358180669614656,0.17462225274725274,0.41887905604719766,0.5839100346020761,0.09604223901098902,7915
LATAM,468,1532,2415,228,4024,0.6001491053677932,0.1937888198757764,0.48717948717948717,0.6876122082585279,0.10658385093167702,4024
