region,clicked,ignored,opened,reported,sent,open_rate,click_rate,report_rate,false_positive_rate,phishrisk_index,campaign_size
APAC,993,1199,3263,190,4495,0.7259176863181313,0.30432117683113696,0.19133937562940584,0.5033585222502099,0.21627392822389271,4495
EMEA,1017,2025,5823,426,7914,0.7357846853677028,0.17465224111282843,0.41887905604719766,0.5839100346020761,0.09605873261205564,7914
LATAM,468,1532,2415,228,4024,0.6001491053677932,0.1937888198757764,0.48717948717948717,0.6876122082585279,0.10658385093167702,4024
